{"v":[[-1.7539287636740002,0.7371199899944546,1.087002031036991],[-1.2671240551670913,0.7110213704673549,0],[-1.4473254402927547,1.7666995552964957,0.5452632263502133],[-2.385215010344037,1.1386208324697336,0.1500494788311669],[-2.4435739718829375,1.7036596623199243,1.2104701534270919],[-2.4444886707046107,2.3379539148494435,0.19288380606283892],[-3.4019135177814563,1.6821295721711613,0.49183301584638756],[-3.1352700230344013,2.675004763682897,1.1169900089965235],[-3.5512369769151313,2.7657287875067857,0],[-2.6796887732489196,3.50050070939421,0.3737479141159142]],"v0":[[-1.7539287636740002,0.7371199899944546,1.087002031036991],[-1.2671240551670913,0.7110213704673549,0],[-1.4473254402927547,1.7666995552964957,0.5452632263502133],[-2.385215010344037,1.1386208324697336,0.1500494788311669],[-2.4435739718829375,1.7036596623199243,1.2104701534270919],[-2.4444886707046107,2.3379539148494435,0.19288380606283892],[-3.4019135177814563,1.6821295721711613,0.49183301584638756],[-3.1352700230344013,2.675004763682897,1.1169900089965235],[-3.5512369769151313,2.7657287875067857,0],[-2.6796887732489196,3.50050070939421,0.3737479141159142]],"e":[[1,0],[0,2],[1,2],[1,3],[0,3],[2,3],[0,4],[2,4],[3,4],[2,5],[3,5],[4,5],[3,6],[4,6],[5,6],[4,7],[5,7],[6,7],[5,8],[6,8],[7,8],[7,9],[5,9],[8,9]],"fixedVs":[false,false,false,false,false,false,false,false,false,false],"lMax":[1.7142857142857144,1.7142857142857144,1.7142857142857144,1.7142857142857144,1.7142857142857144,1.7142857142857144,1.7142857142857144,1.7142857142857144,1.7142857142857144,1.7142857142857144,1.7142857142857144,1.7142857142857144,1.7142857142857144,1.7142857142857144,1.7142857142857144,1.7142857142857144,1.7142857142857144,1.7142857142857144,1.7142857142857144,1.7142857142857144,1.7142857142857144,1.7142857142857144,1.7142857142857144,1.7142857142857144],"edgeChannel":[0,0,1,0,0,0,0,1,1,0,0,0,0,0,0,0,0,0,0,0,0,0,0,0],"edgeActive":[true,true,true,true,true,true,true,true,true,true,true,true,true,true,true,true,true,true,true,true,true,true,true,true],"script":[[false],[true],[false],[false],[false]],"maxContraction":[0.3,0.3,0.3,0.3,0.3,0.3,0.3,0.3,0.3,0.3,0.3,0.3,0.3,0.3,0.3,0.3,0.3,0.3,0.3,0.3,0.3,0.3,0.3,0.3],"vStatus":[0,0,0,0,0,0,0,0,0,0],"eStatus":[0,0,0,0,0,0,0,0,0,0,0,0,0,0,0,0,0,0,0,0,0,0,0,0],"fStatus":[],"euler":{"_x":0,"_y":0,"_z":0,"_order":"XYZ"},"numChannels":5,"numActions":1,"inflateChannel":[false,false,false,false,false],"contractionPercent":[1,1,1,1,1],"v_frames":[]}