{"v":[[0.635120954315665,1.0287786976262911,0.9450148938297833],[1.795840828940977,0.7442603416494677,1.0869935321962394],[1.3091563523735712,0.7161985214584105,0],[1.4851219582032302,1.7726095025859618,0.5452767437207574],[2.4255327734112524,1.1482751136035763,0.15001863771006047],[2.4816007025178,1.713572106078956,1.2104812483781713],[2.4799730472905313,2.3478397811447995,0.19289686765536568],[3.440015858389789,1.6958957001512918,0.49181937348344024],[3.1693897936342412,2.6876885056994455,1.1169872912342227],[3.5849879469358865,2.780076620174539,0],[2.7105026356061668,3.511320940205147,0.37375870611276324]],"v0":[[0.635120954315665,1.0287786976262911,0.9450148938297833],[1.795840828940977,0.7442603416494677,1.0869935321962394],[1.3091563523735712,0.7161985214584105,0],[1.4851219582032302,1.7726095025859618,0.5452767437207574],[2.4255327734112524,1.1482751136035763,0.15001863771006047],[2.4816007025178,1.713572106078956,1.2104812483781713],[2.4799730472905313,2.3478397811447995,0.19289686765536568],[3.440015858389789,1.6958957001512918,0.49181937348344024],[3.1693897936342412,2.6876885056994455,1.1169872912342227],[3.5849879469358865,2.780076620174539,0],[2.7105026356061668,3.511320940205147,0.37375870611276324]],"e":[[1,0],[0,2],[1,2],[0,3],[1,3],[2,3],[1,4],[2,4],[3,4],[3,5],[1,5],[4,5],[4,6],[3,6],[5,6],[5,7],[4,7],[6,7],[6,8],[5,8],[7,8],[7,9],[6,9],[8,9],[6,10],[8,10],[9,10]],"fixedVs":[false,false,false,false,false,false,false,false,false,false,false],"lMax":[1.7142857142857144,1.7142857142857144,1.7142857142857144,1.7142857142857144,1.7142857142857144,1.7142857142857144,1.7142857142857144,1.7142857142857144,1.7142857142857144,1.7142857142857144,1.7142857142857144,1.7142857142857144,1.7142857142857144,1.7142857142857144,1.7142857142857144,1.7142857142857144,1.7142857142857144,1.7142857142857144,1.7142857142857144,1.7142857142857144,1.7142857142857144,1.7142857142857144,1.7142857142857144,1.7142857142857144,1.7142857142857144,1.7142857142857144,1.7142857142857144],"edgeChannel":[0,0,0,0,0,0,0,0,0,0,0,0,0,0,0,0,0,0,0,0,0,0,0,0,0,0,0],"edgeActive":[true,true,true,true,true,true,true,true,true,true,true,true,true,true,true,true,true,true,true,true,true,true,true,true,true,true,true],"script":[[false],[false],[false],[false],[false]],"maxContraction":[0.3,0.3,0.3,0.3,0.3,0.3,0.3,0.3,0.3,0.3,0.3,0.3,0.3,0.3,0.3,0.3,0.3,0.3,0.3,0.3,0.3,0.3,0.3,0.3,0.3,0.3,0.3],"vStatus":[0,0,0,0,0,0,0,0,0,0,0],"eStatus":[0,0,0,0,0,0,0,0,0,0,0,0,0,0,0,0,0,0,0,0,0,0,0,0,0,0,0],"fStatus":[],"euler":{"_x":0,"_y":0,"_z":0,"_order":"XYZ"},"numChannels":5,"numActions":1,"inflateChannel":[false,false,false,false,false],"contractionPercent":[1,1,1,1,1],"v_frames":[]}